person_id,first_name,last_name,email,gender,resident_state
1,Pearla,Ericsson,pericsson0@zdnet.com,Female,IL
2,Darrin,McKibbin,dmckibbin1@bbc.co.uk,Male,IN
3,Frants,Crohan,fcrohan2@globo.com,Male,WI
4,Dallis,Queyeiro,dqueyeiro3@clickbank.net,Male,WI
5,Jobyna,Cummings,jcummings4@nifty.com,Female,IL
6,Gladys,Eseler,geseler5@sitemeter.com,Female,IN
7,Horatius,Bedrosian,hbedrosian6@printfriendly.com,Male,IL
8,Kalila,Attaway,kattaway7@cisco.com,Female,IL
9,Willis,Duigan,wduigan8@vk.com,Male,IL
10,Kylie,Malinowski,kmalinowski9@businessweek.com,Female,IL
11,Scarlet,Holton,sholtona@sphinn.com,Female,IN
12,Marys,Pettifer,mpettiferb@reverbnation.com,Female,IL
13,Isidora,Wittering,iwitteringc@upenn.edu,Female,IL
14,Marne,Fagence,mfagenced@flickr.com,Female,IN
15,Belva,Kauschke,bkauschkee@sphinn.com,Female,IN
16,Ahmed,Sleeman,asleemanf@shinystat.com,Male,IL
17,Gilemette,Jeduch,gjeduchg@mtv.com,Female,IL
18,Rosalie,McKenny,rmckennyh@mozilla.org,Female,IL
19,Sergio,Kinforth,skinforthi@creativecommons.org,Male,IL
20,Elfrieda,Mapes,emapesj@patch.com,Female,IL
21,Lion,Wheeler,lwheelerk@desdev.cn,Male,IN
22,Monroe,Noor,mnoorl@bbb.org,Male,IN
23,Alica,McAulay,amcaulaym@walmart.com,Female,IN
24,Irena,Novik,inovikn@tamu.edu,Female,IL
25,Brose,Scanes,bscaneso@thetimes.co.uk,Male,IL
26,Sly,Crump,scrumpp@zimbio.com,Male,IN
27,Benedikta,Philcox,bphilcoxq@narod.ru,Female,IN
28,Stavro,Vacher,svacherr@scribd.com,Male,IN
29,Shandee,Maskill,smaskills@tamu.edu,Female,IL
30,Kacie,Hodges,khodgest@twitpic.com,Female,IL
31,Nada,Hanfrey,nhanfreyu@blogspot.com,Female,IL
32,Fanechka,Fetherby,ffetherbyv@tiny.cc,Female,IL
33,Jane,Dudding,jduddingw@github.io,Female,IN
34,Granny,Hannabuss,ghannabussx@w3.org,Male,WI
35,Cam,Kerfoot,ckerfooty@oracle.com,Female,IN
36,Giffard,Barrell,gbarrellz@marketwatch.com,Male,IL
37,Alister,Recher,arecher10@weebly.com,Male,IN
38,Marnia,Mickleburgh,mmickleburgh11@163.com,Female,IL
39,Trey,Pantone,tpantone12@twitter.com,Male,IL
40,Kitty,Parlot,kparlot13@cam.ac.uk,Female,IN
41,Koren,Jorden,kjorden14@yahoo.co.jp,Female,IL
42,Aubine,Tamblyn,atamblyn15@nhs.uk,Female,IN
43,Finley,Cudihy,fcudihy16@pinterest.com,Male,WI
44,Prescott,Iddiens,piddiens17@phpbb.com,Male,IN
45,Marillin,Heathorn,mheathorn18@java.com,Female,WI
46,Lucius,Casajuana,lcasajuana19@meetup.com,Male,IN
47,Corey,Bootes,cbootes1a@nifty.com,Male,IN
48,Broddy,Rembrandt,brembrandt1b@quantcast.com,Male,WI
49,Tailor,Bosward,tbosward1c@globo.com,Male,IL
50,Sigmund,Advani,sadvani1d@gmpg.org,Male,IN
51,Sophia,Addicote,saddicote1e@indiegogo.com,Female,WI
52,Manny,Pluthero,mpluthero1f@columbia.edu,Male,IL
53,Allis,Forster,aforster1g@baidu.com,Female,IL
54,Salome,Holywell,sholywell1h@reddit.com,Female,IL
55,Avis,Kleinerman,akleinerman1i@usda.gov,Female,IL
56,Carroll,Torricella,ctorricella1j@youku.com,Female,IL
57,Dall,Olifard,dolifard1k@goodreads.com,Male,IN
58,Rafa,Raddenbury,rraddenbury1l@wunderground.com,Female,IN
59,Fowler,Dainton,fdainton1m@ca.gov,Male,IL
60,Joletta,Motto,jmotto1n@symantec.com,Female,IN
61,Randal,Shatford,rshatford1o@surveymonkey.com,Male,IN
62,Elene,Brugh,ebrugh1p@mashable.com,Female,WI
63,Gilli,Timmins,gtimmins1q@psu.edu,Female,IN
64,Sande,Hurndall,shurndall1r@mapquest.com,Female,WI
65,Timothy,Mahmood,tmahmood1s@flickr.com,Male,IN
66,Scarface,Vispo,svispo1t@stanford.edu,Male,IL
67,Gavin,Peake,gpeake1u@springer.com,Male,IN
68,Janelle,Eastbury,jeastbury1v@tamu.edu,Female,IL
69,Ronni,Martinek,rmartinek1w@t-online.de,Female,IN
70,Dasie,Hain,dhain1x@newyorker.com,Female,IL
71,Job,Mantram,jmantram1y@chronoengine.com,Male,IN
72,Dorie,Read,dread1z@jimdo.com,Male,IL
73,Violette,Storch,vstorch20@reference.com,Female,IL
74,Emelia,Olivie,eolivie21@4shared.com,Female,WI
75,Norris,Guise,nguise22@ocn.ne.jp,Male,IN
76,Ivan,Pauley,ipauley23@flavors.me,Male,IN
77,Cathryn,Hedditch,chedditch24@about.me,Female,IL
78,Rodina,Vedenisov,rvedenisov25@csmonitor.com,Female,IN
79,Lynn,McSperron,lmcsperron26@pbs.org,Female,IL
80,Carlen,Loyley,cloyley27@spiegel.de,Female,IL
81,Cristen,Phear,cphear28@paginegialle.it,Female,IN
82,Langston,Windybank,lwindybank29@nps.gov,Male,WI
83,Gavin,Erik,gerik2a@hatena.ne.jp,Male,IN
84,Maximilian,Sanbrooke,msanbrooke2b@ask.com,Male,IL
85,Mead,Salvin,msalvin2c@nydailynews.com,Male,IL
86,Cherilyn,Bengtsson,cbengtsson2d@tamu.edu,Female,WI
87,Winston,Broune,wbroune2e@house.gov,Male,IL
88,Skipp,Morit,smorit2f@washingtonpost.com,Male,IL
89,Terrill,Tranckle,ttranckle2g@dailymotion.com,Male,IN
90,Kirk,Copcote,kcopcote2h@va.gov,Male,IN
91,Cobby,Durnford,cdurnford2i@walmart.com,Male,IL
92,Eddy,Joddens,ejoddens2j@creativecommons.org,Male,IL
93,Irving,Jeannel,ijeannel2k@i2i.jp,Male,IN
94,Marline,Prest,mprest2l@washingtonpost.com,Female,IN
95,Adiana,Villalta,avillalta2m@noaa.gov,Female,IL
96,Farr,Mac,fmac2n@ted.com,Male,IN
97,Devin,Penswick,dpenswick2o@cnbc.com,Male,IL
98,Reinold,Trubshawe,rtrubshawe2p@apache.org,Male,IN
99,Mabel,Dryburgh,mdryburgh2q@ezinearticles.com,Female,IN
100,Pasquale,Stockwell,pstockwell2r@oakley.com,Male,IL