{"Person":{"id":1,"first_name":"Spike","last_name":"Kluge","email":"skluge0@biglobe.ne.jp","gender":"Male","interest":["solution","Synchronised","database","moderator"]}}
{"Person":{"id":2,"first_name":"Hyatt","last_name":"Yerrill","email":"hyerrill1@nih.gov","gender":"Male","interest":["modular","Proactive","Future-proofed","Universal"]}}
{"Person":{"id":3,"first_name":"Camille","last_name":"Worthy","email":"cworthy2@feedburner.com","gender":"Female","interest":["parallelism","Realigned","pricing structure","policy"]}}
{"Person":{"id":4,"first_name":"Ogden","last_name":"Padden","email":"opadden3@phoca.cz","gender":"Male","interest":["real-time","function","Mandatory","client-server"]}}
{"Person":{"id":5,"first_name":"Linnet","last_name":"Utridge","email":"lutridge4@google.pl","gender":"Female","interest":["Quality-focused","cohesive","motivating","Enhanced"]}}
{"Person":{"id":6,"first_name":"Tomasine","last_name":"McGookin","email":"tmcgookin5@sfgate.com","gender":"Female","interest":["ability","Synergized","toolset","needs-based"]}}
{"Person":{"id":7,"first_name":"Marty","last_name":"Setford","email":"msetford6@shinystat.com","gender":"Female","interest":["bifurcated","process improvement","Decentralized","web-enabled"]}}
{"Person":{"id":8,"first_name":"Alfons","last_name":"Todhunter","email":"atodhunter7@rambler.ru","gender":"Male","interest":["neural-net","bandwidth-monitored","encoding","composite"]}}
{"Person":{"id":9,"first_name":"Farr","last_name":"Sertin","email":"fsertin8@whitehouse.gov","gender":"Male","interest":["maximized","value-added","explicit","budgetary management"]}}
{"Person":{"id":10,"first_name":"Nikolos","last_name":"Barby","email":"nbarby9@illinois.edu","gender":"Male","interest":["architecture","Organized","success","algorithm"]}}
{"Person":{"id":11,"first_name":"Alvan","last_name":"Clemanceau","email":"aclemanceaua@t-online.de","gender":"Male","interest":["paradigm","well-modulated","local area network","next generation"]}}
{"Person":{"id":12,"first_name":"Stella","last_name":"Boskell","email":"sboskellb@mtv.com","gender":"Female","interest":["Synergized","protocol","discrete","project"]}}
{"Person":{"id":13,"first_name":"Gael","last_name":"Shah","email":"gshahc@tmall.com","gender":"Male","interest":["zero tolerance","framework","Open-source","standardization"]}}
{"Person":{"id":14,"first_name":"Caritta","last_name":"Batecok","email":"cbatecokd@phpbb.com","gender":"Female","interest":["executive","moratorium","systematic","policy"]}}
{"Person":{"id":15,"first_name":"Moreen","last_name":"Cavolini","email":"mcavolinie@netvibes.com","gender":"Female","interest":["Front-line","reciprocal","benchmark","Open-source"]}}
{"Person":{"id":16,"first_name":"Sheffy","last_name":"Barrington","email":"sbarringtonf@bloglovin.com","gender":"Male","interest":["Intuitive","artificial intelligence","fresh-thinking","superstructure"]}}
{"Person":{"id":17,"first_name":"Elbert","last_name":"Harses","email":"eharsesg@goo.ne.jp","gender":"Male","interest":["full-range","Optional","matrix","Profound"]}}
{"Person":{"id":18,"first_name":"Ruby","last_name":"Turpey","email":"rturpeyh@admin.ch","gender":"Male","interest":["contextually-based","database","actuating","modular"]}}
{"Person":{"id":19,"first_name":"Dal","last_name":"Esel","email":"deseli@woothemes.com","gender":"Male","interest":["Multi-channelled","Proactive","monitoring","bottom-line"]}}
{"Person":{"id":20,"first_name":"Marc","last_name":"Brumpton","email":"mbrumptonj@amazon.de","gender":"Male","interest":["24/7","Ameliorated","Ergonomic","array"]}}
{"Person":{"id":21,"first_name":"Tessy","last_name":"Brehault","email":"tbrehaultk@soup.io","gender":"Female","interest":["analyzing","responsive","hardware","encoding"]}}
{"Person":{"id":22,"first_name":"Yasmeen","last_name":"Straffon","email":"ystraffonl@github.io","gender":"Female","interest":["context-sensitive","alliance","productivity","Upgradable"]}}
{"Person":{"id":23,"first_name":"Marlo","last_name":"Clell","email":"mclellm@constantcontact.com","gender":"Female","interest":["Face to face","reciprocal","implementation","success"]}}
{"Person":{"id":24,"first_name":"Joelynn","last_name":"Gilling","email":"jgillingn@forbes.com","gender":"Female","interest":["productivity","bottom-line","6th generation","high-level"]}}
{"Person":{"id":25,"first_name":"Mireielle","last_name":"Jessep","email":"mjessepo@amazon.co.jp","gender":"Female","interest":["application","Innovative","flexibility","standardization"]}}
{"Person":{"id":26,"first_name":"Nichole","last_name":"Foreman","email":"nforemanp@gmpg.org","gender":"Female","interest":["bi-directional","Fundamental","coherent","collaboration"]}}
{"Person":{"id":27,"first_name":"Morty","last_name":"Clethro","email":"mclethroq@webs.com","gender":"Male","interest":["Customer-focused","Future-proofed","secondary","forecast"]}}
{"Person":{"id":28,"first_name":"Kevon","last_name":"Wilmore","email":"kwilmorer@ifeng.com","gender":"Male","interest":["interactive","executive","systemic","Vision-oriented"]}}
{"Person":{"id":29,"first_name":"Rice","last_name":"Skeel","email":"rskeels@samsung.com","gender":"Male","interest":["multi-tasking","uniform","array","global"]}}
{"Person":{"id":30,"first_name":"Penelopa","last_name":"Ruggieri","email":"pruggierit@zdnet.com","gender":"Female","interest":["database","Monitored","Open-source","approach"]}}
{"Person":{"id":31,"first_name":"Sylvan","last_name":"Ellard","email":"sellardu@freewebs.com","gender":"Male","interest":["Programmable","Stand-alone","bi-directional","clear-thinking"]}}
{"Person":{"id":32,"first_name":"Peta","last_name":"Cockroft","email":"pcockroftv@weibo.com","gender":"Female","interest":["info-mediaries","Graphic Interface","Self-enabling","systemic"]}}
{"Person":{"id":33,"first_name":"Sholom","last_name":"Widdall","email":"swiddallw@tripod.com","gender":"Male","interest":["Synergized","challenge","standardization","Object-based"]}}
{"Person":{"id":34,"first_name":"Ailis","last_name":"Ellph","email":"aellphx@soundcloud.com","gender":"Female","interest":["website","Optional","Graphic Interface","flexibility"]}}
{"Person":{"id":35,"first_name":"Stefano","last_name":"Coneybeer","email":"sconeybeery@cpanel.net","gender":"Male","interest":["analyzing","Compatible","adapter","migration"]}}
{"Person":{"id":36,"first_name":"Nikos","last_name":"De Nisco","email":"ndeniscoz@mit.edu","gender":"Male","interest":["Future-proofed","Progressive","Open-source","attitude"]}}
{"Person":{"id":37,"first_name":"Grazia","last_name":"Naulls","email":"gnaulls10@parallels.com","gender":"Female","interest":["knowledge user","Organized","static","intangible"]}}
{"Person":{"id":38,"first_name":"Stefano","last_name":"Gourlie","email":"sgourlie11@virginia.edu","gender":"Male","interest":["Virtual","Proactive","Virtual","Operative"]}}
{"Person":{"id":39,"first_name":"Aeriela","last_name":"Skyppe","email":"askyppe12@who.int","gender":"Female","interest":["projection","composite","Future-proofed","Programmable"]}}
{"Person":{"id":40,"first_name":"Hastings","last_name":"Leads","email":"hleads13@posterous.com","gender":"Male","interest":["static","impactful","analyzer","access"]}}
{"Person":{"id":41,"first_name":"Lucia","last_name":"Bootton","email":"lbootton14@about.com","gender":"Female","interest":["definition","discrete","24/7","didactic"]}}
{"Person":{"id":42,"first_name":"Georgianne","last_name":"Hacking","email":"ghacking15@google.com.au","gender":"Female","interest":["neutral","secondary","Digitized","Sharable"]}}
{"Person":{"id":43,"first_name":"Salvidor","last_name":"Powder","email":"spowder16@vk.com","gender":"Male","interest":["Configurable","Object-based","client-server","analyzing"]}}
{"Person":{"id":44,"first_name":"Dareen","last_name":"Rubinfajn","email":"drubinfajn17@elpais.com","gender":"Female","interest":["optimal","matrix","Grass-roots","Future-proofed"]}}
{"Person":{"id":45,"first_name":"Wyn","last_name":"Haddleston","email":"whaddleston18@geocities.jp","gender":"Male","interest":["customer loyalty","model","Face to face","high-level"]}}
{"Person":{"id":46,"first_name":"Had","last_name":"Trevenu","email":"htrevenu19@yolasite.com","gender":"Male","interest":["productivity","Cloned","3rd generation","Integrated"]}}
{"Person":{"id":47,"first_name":"Gus","last_name":"Clarey","email":"gclarey1a@washingtonpost.com","gender":"Male","interest":["upward-trending","Cross-group","Total","alliance"]}}
{"Person":{"id":48,"first_name":"Luisa","last_name":"Rubenov","email":"lrubenov1b@intel.com","gender":"Female","interest":["hub","foreground","attitude","website"]}}
{"Person":{"id":49,"first_name":"Sebastiano","last_name":"Woodberry","email":"swoodberry1c@ehow.com","gender":"Male","interest":["directional","protocol","Multi-tiered","workforce"]}}
{"Person":{"id":50,"first_name":"Garfield","last_name":"Ranstead","email":"granstead1d@yellowpages.com","gender":"Male","interest":["Polarised","multimedia","real-time","Graphic Interface"]}}
{"Person":{"id":51,"first_name":"Shannon","last_name":"Leythley","email":"sleythley1e@nasa.gov","gender":"Female","interest":["Phased","interface","Cloned","circuit"]}}
{"Person":{"id":52,"first_name":"Jeremiah","last_name":"Deave","email":"jdeave1f@slate.com","gender":"Male","interest":["toolset","reciprocal","internet solution","budgetary management"]}}
{"Person":{"id":53,"first_name":"Moss","last_name":"Tarquini","email":"mtarquini1g@alibaba.com","gender":"Male","interest":["Right-sized","Graphical User Interface","holistic","bi-directional"]}}
{"Person":{"id":54,"first_name":"Marrissa","last_name":"Sawnwy","email":"msawnwy1h@digg.com","gender":"Female","interest":["dedicated","interface","methodical","task-force"]}}
{"Person":{"id":55,"first_name":"Mufinella","last_name":"Tolotti","email":"mtolotti1i@ezinearticles.com","gender":"Female","interest":["frame","stable","policy","parallelism"]}}
{"Person":{"id":56,"first_name":"Asia","last_name":"Philip","email":"aphilip1j@wordpress.org","gender":"Female","interest":["solution-oriented","Grass-roots","Diverse","application"]}}
{"Person":{"id":57,"first_name":"Antone","last_name":"Webland","email":"awebland1k@clickbank.net","gender":"Male","interest":["User-centric","Customer-focused","access","Multi-layered"]}}
{"Person":{"id":58,"first_name":"Mara","last_name":"MacGiany","email":"mmacgiany1l@ox.ac.uk","gender":"Female","interest":["instruction set","standardization","fresh-thinking","knowledge base"]}}
{"Person":{"id":59,"first_name":"Baudoin","last_name":"Eppson","email":"beppson1m@google.com","gender":"Male","interest":["Reverse-engineered","zero tolerance","actuating","zero defect"]}}
{"Person":{"id":60,"first_name":"Dillie","last_name":"Letford","email":"dletford1n@istockphoto.com","gender":"Male","interest":["mission-critical","mobile","impactful","policy"]}}
{"Person":{"id":61,"first_name":"Jerrome","last_name":"Helleckas","email":"jhelleckas1o@geocities.com","gender":"Male","interest":["attitude-oriented","intermediate","Advanced","dedicated"]}}
{"Person":{"id":62,"first_name":"Any","last_name":"McVane","email":"amcvane1p@jigsy.com","gender":"Male","interest":["Up-sized","responsive","paradigm","even-keeled"]}}
{"Person":{"id":63,"first_name":"Curr","last_name":"Bucky","email":"cbucky1q@goodreads.com","gender":"Male","interest":["Inverse","Networked","Compatible","standardization"]}}
{"Person":{"id":64,"first_name":"Adria","last_name":"Gretton","email":"agretton1r@cornell.edu","gender":"Female","interest":["migration","Configurable","service-desk","parallelism"]}}
{"Person":{"id":65,"first_name":"Waverley","last_name":"Dyke","email":"wdyke1s@4shared.com","gender":"Male","interest":["empowering","moratorium","attitude","demand-driven"]}}
{"Person":{"id":66,"first_name":"Willy","last_name":"Shortan","email":"wshortan1t@smugmug.com","gender":"Female","interest":["Visionary","open architecture","static","challenge"]}}
{"Person":{"id":67,"first_name":"Arty","last_name":"Kalinke","email":"akalinke1u@wufoo.com","gender":"Male","interest":["attitude-oriented","Universal","multimedia","project"]}}
{"Person":{"id":68,"first_name":"Marguerite","last_name":"Cuncarr","email":"mcuncarr1v@phoca.cz","gender":"Female","interest":["foreground","Optimized","Cross-group","tertiary"]}}
{"Person":{"id":69,"first_name":"Marrilee","last_name":"Grigsby","email":"mgrigsby1w@bluehost.com","gender":"Female","interest":["multi-tasking","Optimized","maximized","Assimilated"]}}
{"Person":{"id":70,"first_name":"Kaleena","last_name":"Blincoe","email":"kblincoe1x@nih.gov","gender":"Female","interest":["directional","Fundamental","Streamlined","bandwidth-monitored"]}}
{"Person":{"id":71,"first_name":"Marysa","last_name":"Gellately","email":"mgellately1y@free.fr","gender":"Female","interest":["focus group","Enterprise-wide","Graphic Interface","client-server"]}}
{"Person":{"id":72,"first_name":"Rollo","last_name":"Matuszak","email":"rmatuszak1z@cargocollective.com","gender":"Male","interest":["maximized","access","Streamlined","Down-sized"]}}
{"Person":{"id":73,"first_name":"Godart","last_name":"O'Fairy","email":"gofairy20@topsy.com","gender":"Male","interest":["info-mediaries","Upgradable","human-resource","asynchronous"]}}
{"Person":{"id":74,"first_name":"Sayres","last_name":"Hourstan","email":"shourstan21@myspace.com","gender":"Male","interest":["human-resource","extranet","bottom-line","Grass-roots"]}}
{"Person":{"id":75,"first_name":"Tracey","last_name":"Jewes","email":"tjewes22@last.fm","gender":"Male","interest":["Multi-lateral","transitional","Multi-channelled","Operative"]}}
{"Person":{"id":76,"first_name":"Almeta","last_name":"Margrem","email":"amargrem23@printfriendly.com","gender":"Female","interest":["Assimilated","Polarised","Cross-group","flexibility"]}}
{"Person":{"id":77,"first_name":"Bard","last_name":"Fenkel","email":"bfenkel24@pen.io","gender":"Male","interest":["optimal","Face to face","utilisation","User-centric"]}}
{"Person":{"id":78,"first_name":"Thaine","last_name":"Deal","email":"tdeal25@scientificamerican.com","gender":"Male","interest":["user-facing","internet solution","Triple-buffered","dedicated"]}}
{"Person":{"id":79,"first_name":"Romeo","last_name":"Ferne","email":"rferne26@theglobeandmail.com","gender":"Male","interest":["Cloned","static","Quality-focused","Vision-oriented"]}}
{"Person":{"id":80,"first_name":"Simone","last_name":"Clementi","email":"sclementi27@abc.net.au","gender":"Male","interest":["Triple-buffered","Diverse","emulation","multimedia"]}}
{"Person":{"id":81,"first_name":"Ginevra","last_name":"Vallender","email":"gvallender28@soup.io","gender":"Female","interest":["actuating","motivating","Multi-channelled","Self-enabling"]}}
{"Person":{"id":82,"first_name":"Stormie","last_name":"Maccree","email":"smaccree29@wikispaces.com","gender":"Female","interest":["Devolved","pricing structure","intermediate","function"]}}
{"Person":{"id":83,"first_name":"Fidela","last_name":"Muffitt","email":"fmuffitt2a@webnode.com","gender":"Female","interest":["Open-source","Fundamental","composite","Distributed"]}}
{"Person":{"id":84,"first_name":"Tamarah","last_name":"Jewkes","email":"tjewkes2b@hubpages.com","gender":"Female","interest":["Seamless","forecast","Networked","24 hour"]}}
{"Person":{"id":85,"first_name":"Hillyer","last_name":"Turtle","email":"hturtle2c@geocities.com","gender":"Male","interest":["moderator","Reduced","matrices","Advanced"]}}
{"Person":{"id":86,"first_name":"Nolana","last_name":"Viccary","email":"nviccary2d@multiply.com","gender":"Female","interest":["support","radical","dedicated","upward-trending"]}}
{"Person":{"id":87,"first_name":"Flori","last_name":"Petersen","email":"fpetersen2e@vimeo.com","gender":"Female","interest":["Open-architected","Operative","Monitored","attitude-oriented"]}}
{"Person":{"id":88,"first_name":"Lyon","last_name":"Dutson","email":"ldutson2f@dot.gov","gender":"Male","interest":["static","human-resource","Vision-oriented","application"]}}
{"Person":{"id":89,"first_name":"Katlin","last_name":"Scrafton","email":"kscrafton2g@digg.com","gender":"Female","interest":["help-desk","data-warehouse","attitude","collaboration"]}}
{"Person":{"id":90,"first_name":"Prissie","last_name":"Simionato","email":"psimionato2h@slate.com","gender":"Female","interest":["secured line","Versatile","architecture","open system"]}}
{"Person":{"id":91,"first_name":"Marge","last_name":"Fraczek","email":"mfraczek2i@japanpost.jp","gender":"Female","interest":["Team-oriented","Graphical User Interface","moderator","Optional"]}}
{"Person":{"id":92,"first_name":"Emmery","last_name":"Caizley","email":"ecaizley2j@ocn.ne.jp","gender":"Male","interest":["Cross-group","Integrated","Multi-layered","well-modulated"]}}
{"Person":{"id":93,"first_name":"Kurt","last_name":"Springer","email":"kspringer2k@msn.com","gender":"Male","interest":["solution-oriented","workforce","contextually-based","context-sensitive"]}}
{"Person":{"id":94,"first_name":"Joel","last_name":"Burroughes","email":"jburroughes2l@sakura.ne.jp","gender":"Male","interest":["policy","Versatile","radical","mobile"]}}
{"Person":{"id":95,"first_name":"Sherlocke","last_name":"Hendonson","email":"shendonson2m@over-blog.com","gender":"Male","interest":["dedicated","fresh-thinking","Programmable","high-level"]}}
{"Person":{"id":96,"first_name":"Martita","last_name":"De Lasci","email":"mdelasci2n@alexa.com","gender":"Female","interest":["capability","upward-trending","Cloned","Synergistic"]}}
{"Person":{"id":97,"first_name":"Sylas","last_name":"Eburah","email":"seburah2o@dailymail.co.uk","gender":"Male","interest":["Exclusive","parallelism","Innovative","database"]}}
{"Person":{"id":98,"first_name":"Ailina","last_name":"Ricardin","email":"aricardin2p@ftc.gov","gender":"Female","interest":["hub","Realigned","Reduced","Managed"]}}
{"Person":{"id":99,"first_name":"Iago","last_name":"Rydings","email":"irydings2q@pcworld.com","gender":"Male","interest":["project","clear-thinking","national","database"]}}
{"Person":{"id":100,"first_name":"Agatha","last_name":"Yoell","email":"ayoell2r@ftc.gov","gender":"Female","interest":["Multi-tiered","throughput","multimedia","holistic"]}}