<?xml version='1.0' encoding='UTF-8'?>
<data>
  <person>
    <id>1</id>
    <first_name>Venita</first_name>
    <last_name>Celle</last_name>
    <email>vcelle0@meetup.com</email>
    <gender>Female</gender>
    <interests>
      <interest>ability</interest>
      <interest>even-keeled</interest>
      <interest>framework</interest>
      <interest>portal</interest>
    </interests>
  </person>
  <person>
    <id>2</id>
    <first_name>Kissie</first_name>
    <last_name>Denmead</last_name>
    <email>kdenmead1@oracle.com</email>
    <gender>Female</gender>
    <interests>
      <interest>context-sensitive</interest>
      <interest>hierarchy</interest>
      <interest>secondary</interest>
      <interest>eco-centric</interest>
    </interests>
  </person>
  <person>
    <id>3</id>
    <first_name>Darlene</first_name>
    <last_name>Ludye</last_name>
    <email>dludye2@skype.com</email>
    <gender>Female</gender>
    <interests>
      <interest>hierarchy</interest>
      <interest>intermediate</interest>
      <interest>Grass-roots</interest>
      <interest>Diverse</interest>
    </interests>
  </person>
  <person>
    <id>4</id>
    <first_name>Nevins</first_name>
    <last_name>Ferrotti</last_name>
    <email>nferrotti3@dell.com</email>
    <gender>Male</gender>
    <interests>
      <interest>Inverse</interest>
      <interest>monitoring</interest>
      <interest>content-based</interest>
      <interest>matrices</interest>
    </interests>
  </person>
  <person>
    <id>5</id>
    <first_name>Isadore</first_name>
    <last_name>Terbrug</last_name>
    <email>iterbrug4@archive.org</email>
    <gender>Male</gender>
    <interests>
      <interest>Implemented</interest>
      <interest>object-oriented</interest>
      <interest>Front-line</interest>
      <interest>Public-key</interest>
    </interests>
  </person>
  <person>
    <id>6</id>
    <first_name>Hertha</first_name>
    <last_name>Cavet</last_name>
    <email>hcavet5@wsj.com</email>
    <gender>Female</gender>
    <interests>
      <interest>well-modulated</interest>
      <interest>Progressive</interest>
      <interest>circuit</interest>
      <interest>instruction set</interest>
    </interests>
  </person>
  <person>
    <id>7</id>
    <first_name>Kassia</first_name>
    <last_name>Cicculini</last_name>
    <email>kcicculini6@cisco.com</email>
    <gender>Female</gender>
    <interests>
      <interest>Polarised</interest>
      <interest>radical</interest>
      <interest>Open-source</interest>
      <interest>high-level</interest>
    </interests>
  </person>
  <person>
    <id>8</id>
    <first_name>Devonna</first_name>
    <last_name>Messer</last_name>
    <email>dmesser7@netscape.com</email>
    <gender>Female</gender>
    <interests>
      <interest>optimizing</interest>
      <interest>matrix</interest>
      <interest>Secured</interest>
      <interest>Grass-roots</interest>
    </interests>
  </person>
  <person>
    <id>9</id>
    <first_name>Antonie</first_name>
    <last_name>Kilshaw</last_name>
    <email>akilshaw8@cpanel.net</email>
    <gender>Female</gender>
    <interests>
      <interest>Operative</interest>
      <interest>Total</interest>
      <interest>process improvement</interest>
      <interest>leading edge</interest>
    </interests>
  </person>
  <person>
    <id>10</id>
    <first_name>Levi</first_name>
    <last_name>Rigg</last_name>
    <email>lrigg9@phoca.cz</email>
    <gender>Male</gender>
    <interests>
      <interest>web-enabled</interest>
      <interest>workforce</interest>
      <interest>content-based</interest>
      <interest>archive</interest>
    </interests>
  </person>
  <person>
    <id>11</id>
    <first_name>Galvin</first_name>
    <last_name>Edgecombe</last_name>
    <email>gedgecombea@naver.com</email>
    <gender>Male</gender>
    <interests>
      <interest>impactful</interest>
      <interest>Polarised</interest>
      <interest>empowering</interest>
      <interest>open architecture</interest>
    </interests>
  </person>
  <person>
    <id>12</id>
    <first_name>Dion</first_name>
    <last_name>Boraston</last_name>
    <email>dborastonb@imdb.com</email>
    <gender>Female</gender>
    <interests>
      <interest>fault-tolerant</interest>
      <interest>hardware</interest>
      <interest>Triple-buffered</interest>
      <interest>Total</interest>
    </interests>
  </person>
  <person>
    <id>13</id>
    <first_name>Mel</first_name>
    <last_name>Mowbray</last_name>
    <email>mmowbrayc@ustream.tv</email>
    <gender>Female</gender>
    <interests>
      <interest>Fully-configurable</interest>
      <interest>incremental</interest>
      <interest>monitoring</interest>
      <interest>24/7</interest>
    </interests>
  </person>
  <person>
    <id>14</id>
    <first_name>Elna</first_name>
    <last_name>Zanazzi</last_name>
    <email>ezanazzid@quantcast.com</email>
    <gender>Female</gender>
    <interests>
      <interest>conglomeration</interest>
      <interest>methodical</interest>
      <interest>hybrid</interest>
      <interest>Phased</interest>
    </interests>
  </person>
  <person>
    <id>15</id>
    <first_name>Carlie</first_name>
    <last_name>Folder</last_name>
    <email>cfoldere@about.com</email>
    <gender>Male</gender>
    <interests>
      <interest>intangible</interest>
      <interest>capability</interest>
      <interest>executive</interest>
      <interest>systemic</interest>
    </interests>
  </person>
  <person>
    <id>16</id>
    <first_name>Hermon</first_name>
    <last_name>Stratz</last_name>
    <email>hstratzf@shareasale.com</email>
    <gender>Male</gender>
    <interests>
      <interest>Fully-configurable</interest>
      <interest>infrastructure</interest>
      <interest>complexity</interest>
      <interest>transitional</interest>
    </interests>
  </person>
  <person>
    <id>17</id>
    <first_name>Hugh</first_name>
    <last_name>Byer</last_name>
    <email>hbyerg@nbcnews.com</email>
    <gender>Male</gender>
    <interests>
      <interest>Monitored</interest>
      <interest>object-oriented</interest>
      <interest>portal</interest>
      <interest>Future-proofed</interest>
    </interests>
  </person>
  <person>
    <id>18</id>
    <first_name>Loretta</first_name>
    <last_name>Preddy</last_name>
    <email>lpreddyh@ifeng.com</email>
    <gender>Female</gender>
    <interests>
      <interest>hierarchy</interest>
      <interest>tangible</interest>
      <interest>contingency</interest>
      <interest>paradigm</interest>
    </interests>
  </person>
  <person>
    <id>19</id>
    <first_name>Randolf</first_name>
    <last_name>Stennings</last_name>
    <email>rstenningsi@twitter.com</email>
    <gender>Male</gender>
    <interests>
      <interest>array</interest>
      <interest>system-worthy</interest>
      <interest>homogeneous</interest>
      <interest>stable</interest>
    </interests>
  </person>
  <person>
    <id>20</id>
    <first_name>Zach</first_name>
    <last_name>Chiles</last_name>
    <email>zchilesj@odnoklassniki.ru</email>
    <gender>Male</gender>
    <interests>
      <interest>next generation</interest>
      <interest>website</interest>
      <interest>human-resource</interest>
      <interest>toolset</interest>
    </interests>
  </person>
  <person>
    <id>21</id>
    <first_name>Aleksandr</first_name>
    <last_name>Kyston</last_name>
    <email>akystonk@imageshack.us</email>
    <gender>Male</gender>
    <interests>
      <interest>adapter</interest>
      <interest>3rd generation</interest>
      <interest>Synchronised</interest>
      <interest>grid-enabled</interest>
    </interests>
  </person>
  <person>
    <id>22</id>
    <first_name>Fernande</first_name>
    <last_name>Lisciardelli</last_name>
    <email>flisciardellil@nsw.gov.au</email>
    <gender>Female</gender>
    <interests>
      <interest>methodology</interest>
      <interest>Enhanced</interest>
      <interest>Managed</interest>
      <interest>Horizontal</interest>
    </interests>
  </person>
  <person>
    <id>23</id>
    <first_name>Giselle</first_name>
    <last_name>Rubbert</last_name>
    <email>grubbertm@i2i.jp</email>
    <gender>Female</gender>
    <interests>
      <interest>forecast</interest>
      <interest>Vision-oriented</interest>
      <interest>portal</interest>
      <interest>intangible</interest>
    </interests>
  </person>
  <person>
    <id>24</id>
    <first_name>Sunny</first_name>
    <last_name>Wolton</last_name>
    <email>swoltonn@live.com</email>
    <gender>Male</gender>
    <interests>
      <interest>moratorium</interest>
      <interest>User-friendly</interest>
      <interest>Open-architected</interest>
      <interest>Future-proofed</interest>
    </interests>
  </person>
  <person>
    <id>25</id>
    <first_name>Allegra</first_name>
    <last_name>Blacker</last_name>
    <email>ablackero@dedecms.com</email>
    <gender>Female</gender>
    <interests>
      <interest>4th generation</interest>
      <interest>Cross-group</interest>
      <interest>Managed</interest>
      <interest>Profit-focused</interest>
    </interests>
  </person>
  <person>
    <id>26</id>
    <first_name>Bucky</first_name>
    <last_name>Blest</last_name>
    <email>bblestp@ocn.ne.jp</email>
    <gender>Male</gender>
    <interests>
      <interest>Monitored</interest>
      <interest>content-based</interest>
      <interest>moratorium</interest>
      <interest>Reduced</interest>
    </interests>
  </person>
  <person>
    <id>27</id>
    <first_name>Caspar</first_name>
    <last_name>Barff</last_name>
    <email>cbarffq@ebay.co.uk</email>
    <gender>Male</gender>
    <interests>
      <interest>artificial intelligence</interest>
      <interest>Realigned</interest>
      <interest>multi-state</interest>
      <interest>bottom-line</interest>
    </interests>
  </person>
  <person>
    <id>28</id>
    <first_name>Myrlene</first_name>
    <last_name>Chansonne</last_name>
    <email>mchansonner@bloomberg.com</email>
    <gender>Female</gender>
    <interests>
      <interest>Function-based</interest>
      <interest>website</interest>
      <interest>empowering</interest>
      <interest>orchestration</interest>
    </interests>
  </person>
  <person>
    <id>29</id>
    <first_name>Garey</first_name>
    <last_name>Ablott</last_name>
    <email>gablotts@storify.com</email>
    <gender>Male</gender>
    <interests>
      <interest>intangible</interest>
      <interest>fault-tolerant</interest>
      <interest>bi-directional</interest>
      <interest>Managed</interest>
    </interests>
  </person>
  <person>
    <id>30</id>
    <first_name>Corena</first_name>
    <last_name>Hempshall</last_name>
    <email>chempshallt@wikispaces.com</email>
    <gender>Female</gender>
    <interests>
      <interest>radical</interest>
      <interest>5th generation</interest>
      <interest>success</interest>
      <interest>local area network</interest>
    </interests>
  </person>
  <person>
    <id>31</id>
    <first_name>Zack</first_name>
    <last_name>Abrey</last_name>
    <email>zabreyu@pcworld.com</email>
    <gender>Male</gender>
    <interests>
      <interest>implementation</interest>
      <interest>optimal</interest>
      <interest>Inverse</interest>
      <interest>firmware</interest>
    </interests>
  </person>
  <person>
    <id>32</id>
    <first_name>Franzen</first_name>
    <last_name>Burchess</last_name>
    <email>fburchessv@netlog.com</email>
    <gender>Male</gender>
    <interests>
      <interest>Inverse</interest>
      <interest>De-engineered</interest>
      <interest>conglomeration</interest>
      <interest>Switchable</interest>
    </interests>
  </person>
  <person>
    <id>33</id>
    <first_name>Griffie</first_name>
    <last_name>Baddam</last_name>
    <email>gbaddamw@spotify.com</email>
    <gender>Male</gender>
    <interests>
      <interest>migration</interest>
      <interest>solution-oriented</interest>
      <interest>analyzer</interest>
      <interest>3rd generation</interest>
    </interests>
  </person>
  <person>
    <id>34</id>
    <first_name>Aldis</first_name>
    <last_name>Pethrick</last_name>
    <email>apethrickx@uol.com.br</email>
    <gender>Male</gender>
    <interests>
      <interest>Polarised</interest>
      <interest>installation</interest>
      <interest>actuating</interest>
      <interest>matrix</interest>
    </interests>
  </person>
  <person>
    <id>35</id>
    <first_name>Tam</first_name>
    <last_name>Ingleson</last_name>
    <email>tinglesony@ucsd.edu</email>
    <gender>Male</gender>
    <interests>
      <interest>coherent</interest>
      <interest>Mandatory</interest>
      <interest>optimizing</interest>
      <interest>well-modulated</interest>
    </interests>
  </person>
  <person>
    <id>36</id>
    <first_name>Max</first_name>
    <last_name>MacRury</last_name>
    <email>mmacruryz@biblegateway.com</email>
    <gender>Female</gender>
    <interests>
      <interest>Future-proofed</interest>
      <interest>dynamic</interest>
      <interest>dedicated</interest>
      <interest>Extended</interest>
    </interests>
  </person>
  <person>
    <id>37</id>
    <first_name>Darnall</first_name>
    <last_name>Sheavills</last_name>
    <email>dsheavills10@surveymonkey.com</email>
    <gender>Male</gender>
    <interests>
      <interest>migration</interest>
      <interest>zero defect</interest>
      <interest>Multi-layered</interest>
      <interest>Reduced</interest>
    </interests>
  </person>
  <person>
    <id>38</id>
    <first_name>Theobald</first_name>
    <last_name>Hartnell</last_name>
    <email>thartnell11@columbia.edu</email>
    <gender>Male</gender>
    <interests>
      <interest>Universal</interest>
      <interest>moderator</interest>
      <interest>infrastructure</interest>
      <interest>Intuitive</interest>
    </interests>
  </person>
  <person>
    <id>39</id>
    <first_name>Wiatt</first_name>
    <last_name>Shipman</last_name>
    <email>wshipman12@adobe.com</email>
    <gender>Male</gender>
    <interests>
      <interest>discrete</interest>
      <interest>software</interest>
      <interest>impactful</interest>
      <interest>3rd generation</interest>
    </interests>
  </person>
  <person>
    <id>40</id>
    <first_name>Biddie</first_name>
    <last_name>Kybert</last_name>
    <email>bkybert13@utexas.edu</email>
    <gender>Female</gender>
    <interests>
      <interest>Reverse-engineered</interest>
      <interest>human-resource</interest>
      <interest>3rd generation</interest>
      <interest>Reverse-engineered</interest>
    </interests>
  </person>
  <person>
    <id>41</id>
    <first_name>Chadd</first_name>
    <last_name>Feuell</last_name>
    <email>cfeuell14@is.gd</email>
    <gender>Male</gender>
    <interests>
      <interest>focus group</interest>
      <interest>Configurable</interest>
      <interest>product</interest>
      <interest>Business-focused</interest>
    </interests>
  </person>
  <person>
    <id>42</id>
    <first_name>Patty</first_name>
    <last_name>Yewdall</last_name>
    <email>pyewdall15@aboutads.info</email>
    <gender>Female</gender>
    <interests>
      <interest>optimal</interest>
      <interest>Optional</interest>
      <interest>Synchronised</interest>
      <interest>Innovative</interest>
    </interests>
  </person>
  <person>
    <id>43</id>
    <first_name>Emmy</first_name>
    <last_name>Trewin</last_name>
    <email>etrewin16@lycos.com</email>
    <gender>Male</gender>
    <interests>
      <interest>contextually-based</interest>
      <interest>Customizable</interest>
      <interest>clear-thinking</interest>
      <interest>Compatible</interest>
    </interests>
  </person>
  <person>
    <id>44</id>
    <first_name>Maighdiln</first_name>
    <last_name>Rathbourne</last_name>
    <email>mrathbourne17@timesonline.co.uk</email>
    <gender>Female</gender>
    <interests>
      <interest>clear-thinking</interest>
      <interest>Graphical User Interface</interest>
      <interest>application</interest>
      <interest>eco-centric</interest>
    </interests>
  </person>
  <person>
    <id>45</id>
    <first_name>Jarrid</first_name>
    <last_name>Huffer</last_name>
    <email>jhuffer18@hibu.com</email>
    <gender>Male</gender>
    <interests>
      <interest>fault-tolerant</interest>
      <interest>Proactive</interest>
      <interest>policy</interest>
      <interest>customer loyalty</interest>
    </interests>
  </person>
  <person>
    <id>46</id>
    <first_name>Nikolia</first_name>
    <last_name>Geeson</last_name>
    <email>ngeeson19@cbslocal.com</email>
    <gender>Female</gender>
    <interests>
      <interest>infrastructure</interest>
      <interest>Ergonomic</interest>
      <interest>archive</interest>
      <interest>capability</interest>
    </interests>
  </person>
  <person>
    <id>47</id>
    <first_name>Janene</first_name>
    <last_name>Hensmans</last_name>
    <email>jhensmans1a@delicious.com</email>
    <gender>Female</gender>
    <interests>
      <interest>archive</interest>
      <interest>demand-driven</interest>
      <interest>bandwidth-monitored</interest>
      <interest>local</interest>
    </interests>
  </person>
  <person>
    <id>48</id>
    <first_name>Rubia</first_name>
    <last_name>Cane</last_name>
    <email>rcane1b@over-blog.com</email>
    <gender>Female</gender>
    <interests>
      <interest>Devolved</interest>
      <interest>encryption</interest>
      <interest>Assimilated</interest>
      <interest>architecture</interest>
    </interests>
  </person>
  <person>
    <id>49</id>
    <first_name>Filmer</first_name>
    <last_name>Hartin</last_name>
    <email>fhartin1c@aol.com</email>
    <gender>Male</gender>
    <interests>
      <interest>conglomeration</interest>
      <interest>tertiary</interest>
      <interest>zero defect</interest>
      <interest>holistic</interest>
    </interests>
  </person>
  <person>
    <id>50</id>
    <first_name>Sigmund</first_name>
    <last_name>Wellings</last_name>
    <email>swellings1d@nhs.uk</email>
    <gender>Male</gender>
    <interests>
      <interest>Cross-platform</interest>
      <interest>Programmable</interest>
      <interest>structure</interest>
      <interest>mission-critical</interest>
    </interests>
  </person>
  <person>
    <id>51</id>
    <first_name>Wakefield</first_name>
    <last_name>Marrow</last_name>
    <email>wmarrow1e@blogger.com</email>
    <gender>Male</gender>
    <interests>
      <interest>analyzer</interest>
      <interest>solution</interest>
      <interest>array</interest>
      <interest>Assimilated</interest>
    </interests>
  </person>
  <person>
    <id>52</id>
    <first_name>Nisse</first_name>
    <last_name>Geraudy</last_name>
    <email>ngeraudy1f@flavors.me</email>
    <gender>Female</gender>
    <interests>
      <interest>throughput</interest>
      <interest>workforce</interest>
      <interest>5th generation</interest>
      <interest>bottom-line</interest>
    </interests>
  </person>
  <person>
    <id>53</id>
    <first_name>Donalt</first_name>
    <last_name>Velden</last_name>
    <email>dvelden1g@seattletimes.com</email>
    <gender>Male</gender>
    <interests>
      <interest>maximized</interest>
      <interest>functionalities</interest>
      <interest>synergy</interest>
      <interest>moratorium</interest>
    </interests>
  </person>
  <person>
    <id>54</id>
    <first_name>Raleigh</first_name>
    <last_name>Wyllie</last_name>
    <email>rwyllie1h@prweb.com</email>
    <gender>Male</gender>
    <interests>
      <interest>Streamlined</interest>
      <interest>definition</interest>
      <interest>Reduced</interest>
      <interest>regional</interest>
    </interests>
  </person>
  <person>
    <id>55</id>
    <first_name>Darleen</first_name>
    <last_name>Plester</last_name>
    <email>dplester1i@t.co</email>
    <gender>Female</gender>
    <interests>
      <interest>Inverse</interest>
      <interest>grid-enabled</interest>
      <interest>systematic</interest>
      <interest>Stand-alone</interest>
    </interests>
  </person>
  <person>
    <id>56</id>
    <first_name>Isiahi</first_name>
    <last_name>Cowlard</last_name>
    <email>icowlard1j@diigo.com</email>
    <gender>Male</gender>
    <interests>
      <interest>middleware</interest>
      <interest>knowledge base</interest>
      <interest>Expanded</interest>
      <interest>responsive</interest>
    </interests>
  </person>
  <person>
    <id>57</id>
    <first_name>Algernon</first_name>
    <last_name>Sandaver</last_name>
    <email>asandaver1k@smugmug.com</email>
    <gender>Male</gender>
    <interests>
      <interest>well-modulated</interest>
      <interest>Future-proofed</interest>
      <interest>superstructure</interest>
      <interest>framework</interest>
    </interests>
  </person>
  <person>
    <id>58</id>
    <first_name>Trumann</first_name>
    <last_name>Hardiman</last_name>
    <email>thardiman1l@cbslocal.com</email>
    <gender>Male</gender>
    <interests>
      <interest>benchmark</interest>
      <interest>Expanded</interest>
      <interest>6th generation</interest>
      <interest>Switchable</interest>
    </interests>
  </person>
  <person>
    <id>59</id>
    <first_name>Guinevere</first_name>
    <last_name>Covington</last_name>
    <email>gcovington1m@vk.com</email>
    <gender>Female</gender>
    <interests>
      <interest>hardware</interest>
      <interest>utilisation</interest>
      <interest>concept</interest>
      <interest>solution-oriented</interest>
    </interests>
  </person>
  <person>
    <id>60</id>
    <first_name>Washington</first_name>
    <last_name>Larwood</last_name>
    <email>wlarwood1n@tumblr.com</email>
    <gender>Male</gender>
    <interests>
      <interest>Sharable</interest>
      <interest>User-friendly</interest>
      <interest>hardware</interest>
      <interest>open system</interest>
    </interests>
  </person>
  <person>
    <id>61</id>
    <first_name>Nikki</first_name>
    <last_name>Belderson</last_name>
    <email>nbelderson1o@wikipedia.org</email>
    <gender>Male</gender>
    <interests>
      <interest>portal</interest>
      <interest>well-modulated</interest>
      <interest>orchestration</interest>
      <interest>Vision-oriented</interest>
    </interests>
  </person>
  <person>
    <id>62</id>
    <first_name>Lou</first_name>
    <last_name>Sherr</last_name>
    <email>lsherr1p@people.com.cn</email>
    <gender>Male</gender>
    <interests>
      <interest>stable</interest>
      <interest>analyzer</interest>
      <interest>systemic</interest>
      <interest>full-range</interest>
    </interests>
  </person>
  <person>
    <id>63</id>
    <first_name>Pren</first_name>
    <last_name>Wickersley</last_name>
    <email>pwickersley1q@oakley.com</email>
    <gender>Male</gender>
    <interests>
      <interest>website</interest>
      <interest>needs-based</interest>
      <interest>bandwidth-monitored</interest>
      <interest>process improvement</interest>
    </interests>
  </person>
  <person>
    <id>64</id>
    <first_name>Winslow</first_name>
    <last_name>Streets</last_name>
    <email>wstreets1r@cloudflare.com</email>
    <gender>Male</gender>
    <interests>
      <interest>frame</interest>
      <interest>alliance</interest>
      <interest>foreground</interest>
      <interest>methodical</interest>
    </interests>
  </person>
  <person>
    <id>65</id>
    <first_name>Annis</first_name>
    <last_name>Whitington</last_name>
    <email>awhitington1s@chronoengine.com</email>
    <gender>Female</gender>
    <interests>
      <interest>Diverse</interest>
      <interest>interactive</interest>
      <interest>directional</interest>
      <interest>Front-line</interest>
    </interests>
  </person>
  <person>
    <id>66</id>
    <first_name>Allison</first_name>
    <last_name>Keeton</last_name>
    <email>akeeton1t@ebay.com</email>
    <gender>Female</gender>
    <interests>
      <interest>structure</interest>
      <interest>bandwidth-monitored</interest>
      <interest>migration</interest>
      <interest>ability</interest>
    </interests>
  </person>
  <person>
    <id>67</id>
    <first_name>West</first_name>
    <last_name>Cawker</last_name>
    <email>wcawker1u@cornell.edu</email>
    <gender>Male</gender>
    <interests>
      <interest>high-level</interest>
      <interest>implementation</interest>
      <interest>task-force</interest>
      <interest>monitoring</interest>
    </interests>
  </person>
  <person>
    <id>68</id>
    <first_name>Sheridan</first_name>
    <last_name>Buddle</last_name>
    <email>sbuddle1v@edublogs.org</email>
    <gender>Male</gender>
    <interests>
      <interest>website</interest>
      <interest>Right-sized</interest>
      <interest>Grass-roots</interest>
      <interest>interactive</interest>
    </interests>
  </person>
  <person>
    <id>69</id>
    <first_name>Adah</first_name>
    <last_name>Mears</last_name>
    <email>amears1w@blogger.com</email>
    <gender>Female</gender>
    <interests>
      <interest>client-server</interest>
      <interest>grid-enabled</interest>
      <interest>Face to face</interest>
      <interest>3rd generation</interest>
    </interests>
  </person>
  <person>
    <id>70</id>
    <first_name>Latrina</first_name>
    <last_name>Pettyfer</last_name>
    <email>lpettyfer1x@amazon.com</email>
    <gender>Female</gender>
    <interests>
      <interest>Distributed</interest>
      <interest>capability</interest>
      <interest>interface</interest>
      <interest>4th generation</interest>
    </interests>
  </person>
  <person>
    <id>71</id>
    <first_name>Willis</first_name>
    <last_name>Maggiore</last_name>
    <email>wmaggiore1y@huffingtonpost.com</email>
    <gender>Male</gender>
    <interests>
      <interest>budgetary management</interest>
      <interest>toolset</interest>
      <interest>paradigm</interest>
      <interest>actuating</interest>
    </interests>
  </person>
  <person>
    <id>72</id>
    <first_name>Freddie</first_name>
    <last_name>Antonik</last_name>
    <email>fantonik1z@theatlantic.com</email>
    <gender>Male</gender>
    <interests>
      <interest>stable</interest>
      <interest>secured line</interest>
      <interest>Balanced</interest>
      <interest>adapter</interest>
    </interests>
  </person>
  <person>
    <id>73</id>
    <first_name>Elfrieda</first_name>
    <last_name>Sayles</last_name>
    <email>esayles20@themeforest.net</email>
    <gender>Female</gender>
    <interests>
      <interest>Integrated</interest>
      <interest>hardware</interest>
      <interest>utilisation</interest>
      <interest>Stand-alone</interest>
    </interests>
  </person>
  <person>
    <id>74</id>
    <first_name>Yasmin</first_name>
    <last_name>Stener</last_name>
    <email>ystener21@booking.com</email>
    <gender>Female</gender>
    <interests>
      <interest>disintermediate</interest>
      <interest>parallelism</interest>
      <interest>service-desk</interest>
      <interest>actuating</interest>
    </interests>
  </person>
  <person>
    <id>75</id>
    <first_name>Huberto</first_name>
    <last_name>Bertholin</last_name>
    <email>hbertholin22@multiply.com</email>
    <gender>Male</gender>
    <interests>
      <interest>foreground</interest>
      <interest>discrete</interest>
      <interest>Realigned</interest>
      <interest>groupware</interest>
    </interests>
  </person>
  <person>
    <id>76</id>
    <first_name>Malachi</first_name>
    <last_name>Nezey</last_name>
    <email>mnezey23@yolasite.com</email>
    <gender>Male</gender>
    <interests>
      <interest>Operative</interest>
      <interest>Right-sized</interest>
      <interest>paradigm</interest>
      <interest>implementation</interest>
    </interests>
  </person>
  <person>
    <id>77</id>
    <first_name>Temple</first_name>
    <last_name>Enderle</last_name>
    <email>tenderle24@illinois.edu</email>
    <gender>Male</gender>
    <interests>
      <interest>initiative</interest>
      <interest>foreground</interest>
      <interest>migration</interest>
      <interest>Assimilated</interest>
    </interests>
  </person>
  <person>
    <id>78</id>
    <first_name>Creight</first_name>
    <last_name>Malamore</last_name>
    <email>cmalamore25@dailymotion.com</email>
    <gender>Male</gender>
    <interests>
      <interest>homogeneous</interest>
      <interest>approach</interest>
      <interest>capacity</interest>
      <interest>user-facing</interest>
    </interests>
  </person>
  <person>
    <id>79</id>
    <first_name>Alexis</first_name>
    <last_name>O'Fogarty</last_name>
    <email>aofogarty26@lycos.com</email>
    <gender>Male</gender>
    <interests>
      <interest>collaboration</interest>
      <interest>bottom-line</interest>
      <interest>moderator</interest>
      <interest>success</interest>
    </interests>
  </person>
  <person>
    <id>80</id>
    <first_name>Ham</first_name>
    <last_name>Verecker</last_name>
    <email>hverecker27@ox.ac.uk</email>
    <gender>Male</gender>
    <interests>
      <interest>conglomeration</interest>
      <interest>projection</interest>
      <interest>5th generation</interest>
      <interest>demand-driven</interest>
    </interests>
  </person>
  <person>
    <id>81</id>
    <first_name>Kristal</first_name>
    <last_name>Poulglais</last_name>
    <email>kpoulglais28@ted.com</email>
    <gender>Female</gender>
    <interests>
      <interest>Visionary</interest>
      <interest>Stand-alone</interest>
      <interest>migration</interest>
      <interest>well-modulated</interest>
    </interests>
  </person>
  <person>
    <id>82</id>
    <first_name>Leone</first_name>
    <last_name>Widdall</last_name>
    <email>lwiddall29@nsw.gov.au</email>
    <gender>Female</gender>
    <interests>
      <interest>Upgradable</interest>
      <interest>workforce</interest>
      <interest>mobile</interest>
      <interest>contingency</interest>
    </interests>
  </person>
  <person>
    <id>83</id>
    <first_name>Maighdiln</first_name>
    <last_name>Damiral</last_name>
    <email>mdamiral2a@mtv.com</email>
    <gender>Female</gender>
    <interests>
      <interest>Grass-roots</interest>
      <interest>user-facing</interest>
      <interest>value-added</interest>
      <interest>Fully-configurable</interest>
    </interests>
  </person>
  <person>
    <id>84</id>
    <first_name>Denny</first_name>
    <last_name>Fellini</last_name>
    <email>dfellini2b@yellowpages.com</email>
    <gender>Female</gender>
    <interests>
      <interest>bi-directional</interest>
      <interest>Self-enabling</interest>
      <interest>holistic</interest>
      <interest>Stand-alone</interest>
    </interests>
  </person>
  <person>
    <id>85</id>
    <first_name>Josefa</first_name>
    <last_name>Dobbin</last_name>
    <email>jdobbin2c@cbc.ca</email>
    <gender>Female</gender>
    <interests>
      <interest>Cloned</interest>
      <interest>Programmable</interest>
      <interest>Inverse</interest>
      <interest>directional</interest>
    </interests>
  </person>
  <person>
    <id>86</id>
    <first_name>Erie</first_name>
    <last_name>Corris</last_name>
    <email>ecorris2d@nba.com</email>
    <gender>Male</gender>
    <interests>
      <interest>encompassing</interest>
      <interest>Advanced</interest>
      <interest>extranet</interest>
      <interest>database</interest>
    </interests>
  </person>
  <person>
    <id>87</id>
    <first_name>Noel</first_name>
    <last_name>Chiommienti</last_name>
    <email>nchiommienti2e@addthis.com</email>
    <gender>Female</gender>
    <interests>
      <interest>asymmetric</interest>
      <interest>Innovative</interest>
      <interest>Re-engineered</interest>
      <interest>encoding</interest>
    </interests>
  </person>
  <person>
    <id>88</id>
    <first_name>Dorrie</first_name>
    <last_name>Rheam</last_name>
    <email>drheam2f@xinhuanet.com</email>
    <gender>Female</gender>
    <interests>
      <interest>open architecture</interest>
      <interest>Multi-lateral</interest>
      <interest>real-time</interest>
      <interest>projection</interest>
    </interests>
  </person>
  <person>
    <id>89</id>
    <first_name>Gerrard</first_name>
    <last_name>Raden</last_name>
    <email>graden2g@360.cn</email>
    <gender>Male</gender>
    <interests>
      <interest>Diverse</interest>
      <interest>Diverse</interest>
      <interest>incremental</interest>
      <interest>motivating</interest>
    </interests>
  </person>
  <person>
    <id>90</id>
    <first_name>Cloris</first_name>
    <last_name>MacAne</last_name>
    <email>cmacane2h@latimes.com</email>
    <gender>Female</gender>
    <interests>
      <interest>system-worthy</interest>
      <interest>Visionary</interest>
      <interest>secured line</interest>
      <interest>Business-focused</interest>
    </interests>
  </person>
  <person>
    <id>91</id>
    <first_name>Phillis</first_name>
    <last_name>Lagadu</last_name>
    <email>plagadu2i@who.int</email>
    <gender>Female</gender>
    <interests>
      <interest>Cross-group</interest>
      <interest>utilisation</interest>
      <interest>non-volatile</interest>
      <interest>moratorium</interest>
    </interests>
  </person>
  <person>
    <id>92</id>
    <first_name>Twyla</first_name>
    <last_name>Twigg</last_name>
    <email>ttwigg2j@berkeley.edu</email>
    <gender>Female</gender>
    <interests>
      <interest>Multi-tiered</interest>
      <interest>matrices</interest>
      <interest>Face to face</interest>
      <interest>Re-engineered</interest>
    </interests>
  </person>
  <person>
    <id>93</id>
    <first_name>Idaline</first_name>
    <last_name>Mapes</last_name>
    <email>imapes2k@weibo.com</email>
    <gender>Female</gender>
    <interests>
      <interest>Intuitive</interest>
      <interest>Realigned</interest>
      <interest>motivating</interest>
      <interest>Inverse</interest>
    </interests>
  </person>
  <person>
    <id>94</id>
    <first_name>Bear</first_name>
    <last_name>Larcher</last_name>
    <email>blarcher2l@angelfire.com</email>
    <gender>Male</gender>
    <interests>
      <interest>web-enabled</interest>
      <interest>Monitored</interest>
      <interest>Inverse</interest>
      <interest>Realigned</interest>
    </interests>
  </person>
  <person>
    <id>95</id>
    <first_name>Leilah</first_name>
    <last_name>Rospars</last_name>
    <email>lrospars2m@bbb.org</email>
    <gender>Female</gender>
    <interests>
      <interest>impactful</interest>
      <interest>projection</interest>
      <interest>Centralized</interest>
      <interest>support</interest>
    </interests>
  </person>
  <person>
    <id>96</id>
    <first_name>Lanette</first_name>
    <last_name>Boddie</last_name>
    <email>lboddie2n@hugedomains.com</email>
    <gender>Female</gender>
    <interests>
      <interest>Function-based</interest>
      <interest>Assimilated</interest>
      <interest>tangible</interest>
      <interest>flexibility</interest>
    </interests>
  </person>
  <person>
    <id>97</id>
    <first_name>Lemuel</first_name>
    <last_name>Iles</last_name>
    <email>liles2o@symantec.com</email>
    <gender>Male</gender>
    <interests>
      <interest>dedicated</interest>
      <interest>object-oriented</interest>
      <interest>Sharable</interest>
      <interest>complexity</interest>
    </interests>
  </person>
  <person>
    <id>98</id>
    <first_name>Eryn</first_name>
    <last_name>Bridgman</last_name>
    <email>ebridgman2p@oracle.com</email>
    <gender>Female</gender>
    <interests>
      <interest>Team-oriented</interest>
      <interest>policy</interest>
      <interest>Advanced</interest>
      <interest>maximized</interest>
    </interests>
  </person>
  <person>
    <id>99</id>
    <first_name>Jeffry</first_name>
    <last_name>O'Lyhane</last_name>
    <email>jolyhane2q@zdnet.com</email>
    <gender>Male</gender>
    <interests>
      <interest>Programmable</interest>
      <interest>middleware</interest>
      <interest>Fundamental</interest>
      <interest>zero defect</interest>
    </interests>
  </person>
  <person>
    <id>100</id>
    <first_name>Will</first_name>
    <last_name>Rickcord</last_name>
    <email>wrickcord2r@ox.ac.uk</email>
    <gender>Male</gender>
    <interests>
      <interest>dedicated</interest>
      <interest>directional</interest>
      <interest>Customer-focused</interest>
      <interest>standardization</interest>
    </interests>
  </person>
</data>